Adress,Educational Institute,Restaurants,Medical Service,Parks
"1st Colony, Mirpur, Dhaka",28,12,24,16
"22 Bari, West Kazipara, Mirpur, Dhaka",47,50,6,18
"2nd Colony, Mirpur, Dhaka",15,24,2,13
"2nd Lane, Gopibag, Motijheel, Dhaka",9,15,1,17
"3rd Colony, Mirpur, Dhaka",24,29,5,12
"Aainusbag, Dakshin Khan, Dhaka",29,20,0,5
"Abdullahbag, Uttar Badda, Badda, Dhaka",50,50,50,16
"Abdur Rafique Housing Society, Shekhertek, Mohammadpur, Dhaka",39,33,49,21
"Abur Tek, Khilkhet, Dhaka",4,8,0,6
"Adabor, Dhaka",35,48,24,30
"Adarsha Nagar, Badda, Dhaka",50,50,50,13
"Adarsha Para, Uttar Khan, Dhaka",23,5,2,4
"Adarshabag, Matuail, Demra, Dhaka",4,7,0,1
"Aftab Nagar, Dhaka",4,5,2,4
"Agargaon, Dhaka",28,18,21,29
"Ahmed Nagar, Mirpur, Dhaka",29,24,7,16
"Ahmedbag, Sabujbag, South Bashabo, Bashabo, Dhaka",39,25,8,30
"Ahmednagar, Sarulia, Demra, Dhaka",0,0,0,2
"Alambag, Notun Jurain, Jurain, Shyampur, Dhaka",6,7,1,4
"Ali And Nur Real Estate, Mohammadpur, Dhaka",50,50,34,35
"Alu Bazar, Bangshal, Dhaka",50,50,9,50
"Ambagan, Nayatola, Maghbazar, Dhaka",50,0,8,33
"Amin Bazar, Savar, Dhaka",1,0,0,0
"Amligola, Lalbagh, Dhaka",50,41,1,38
"Amtola, Khilkhet, Dhaka",2,7,0,4
"Anandapur, Genda, Savar, Dhaka",3,21,9,3
"Anandapur, Savar, Dhaka",2,2,0,1
"Aragaon, Ashulia, Savar, Dhaka",2,2,0,1
"Arambag Residential Area, Mirpur, Dhaka",50,50,17,23
"Arambag Residential Area, Pallabi, Mirpur, Dhaka",50,26,6,13
"Arambagh, Motijheel, Dhaka",34,50,9,48
"Arifabad Housing Society, Pallabi, Mirpur, Dhaka",50,26,6,13
"Arjatpara, Tejgaon, Dhaka",16,44,12,15
"Armanitola, Naya Bazar, Bangshal, Dhaka",44,50,6,50
"Army Housing Society Road, Moushair, Dakshin Khan, Dhaka",22,6,2,5
"Arsin Gate, Faridabad, Shyampur, Dhaka",47,50,6,28
"Ashkona, Dakshin Khan, Dhaka",26,38,0,8
"Ashulia, Savar, Dhaka",2,2,0,1
"Atipara, Uttar Khan, Dhaka",9,0,2,3
"Atish Deepankar Road, Bashabo, Dhaka",42,50,11,38
"Avenue 1, Mirpur DOHS, Mirpur, Dhaka",50,43,7,14
"Avenue 10, Mirpur DOHS, Mirpur, Dhaka",38,35,3,18
"Avenue 11, Mirpur DOHS, Mirpur, Dhaka",38,35,3,12
"Avenue 12, Mirpur DOHS, Mirpur, Dhaka",38,35,3,12
"Avenue 2, Block A, Section 11, Mirpur, Dhaka",50,50,19,28
"Avenue 2, Block A, Section 13, Mirpur, Dhaka",50,50,15,19
"Avenue 2, Block C, Section 13, Mirpur, Dhaka",50,50,15,25
"Avenue 2, Mirpur DOHS, Mirpur, Dhaka",38,35,3,12
"Avenue 2, Section 11, Mirpur, Dhaka",50,50,25,50
"Avenue 2A, Mirpur DOHS, Mirpur, Dhaka",38,35,3,12
"Avenue 3, Block A, Section 11, Mirpur, Dhaka",50,50,21,50
"Avenue 3, Block B, Section 11, Mirpur, Dhaka",32,50,11,26
"Avenue 3, Mirpur DOHS, Mirpur, Dhaka",50,37,3,13
"Avenue 4, Mirpur DOHS, Mirpur, Dhaka",38,35,6,13
"Avenue 5, Block C, Section 11, Mirpur, Dhaka",50,50,19,28
"Avenue 5, Mirpur DOHS, Mirpur, Dhaka",38,37,3,13
"Avenue 6, Mirpur DOHS, Mirpur, Dhaka",38,37,3,13
"Avenue 7, Mirpur DOHS, Mirpur, Dhaka",38,35,3,12
"Avenue 8, Mirpur DOHS, Mirpur, Dhaka",50,37,3,13
"Avenue 9, Mirpur DOHS, Mirpur, Dhaka",38,35,3,12
"Azimpur, Lalbagh, Dhaka",50,50,1,50
"aziz Moholla, Mohammadpur, Dhaka",50,39,50,50
"Badda, Dhaka",50,50,50,16
"Badda, Savar, Dhaka",5,45,17,0
"Bagan Bari, Cantonment, Dhaka",17,13,3,24
"Bagbari, Hemayetpur, Savar, Dhaka",5,6,1,1
"Bahir Tengra, Sarulia, Demra, Dhaka",0,0,0,2
"Baigertek, Cantonment, Dhaka",5,28,1,8
"Baipail, Ashulia, Savar, Dhaka",2,2,0,1
"Baithakali, Badda, Dhaka",11,29,28,9
"Baitul Aman Housing Society, Adabor, Dhaka",35,48,24,30
"Bakshi Bazar, Lalbagh, Dhaka",50,50,4,50
"Balughat, Cantonment, Dhaka",16,9,2,18
"Bamoil, Sarulia, Demra, Dhaka",0,0,0,2
"Banani DOHS, Dhaka",50,50,50,50
"Banani, Dhaka",50,0,50,36
"Banasree, Dhaka",5,7,2,4
"Bangla Bazar, Nischintapur, Ashulia, Savar, Dhaka",2,2,0,1
"Banglamotors, Dhaka",50,50,20,50
"Bangshal, Dhaka",50,50,8,50
"Bank Colony, Savar, Dhaka",8,50,24,3
"Bank Town, Savar, Dhaka",1,11,3,1
"Baridhara DOHS, Dhaka",12,39,9,27
"Baridhara, Dhaka",21,50,8,26
"Barontek, Cantonment, Dhaka",20,37,2,20
"Bashabo, Dhaka",33,23,5,29
"Basher Pool, Demra, Dhaka",2,1,1,2
"Bashundhara Housing, Baipail, Ashulia, Savar, Dhaka",2,2,0,1
"Bashundhara R-A, Dhaka",6,13,3,5
"Bawaila Para, Badda, Dhaka",11,26,30,2
"Begum Bazar, Bangshal, Dhaka",50,50,6,50
"Bepari Para, Khilkhet, Dhaka",4,9,0,7
"Bhagalpur, Hazaribag, Dhaka",50,48,8,50
"Bibir Bagicha, Jatra Bari, Dhaka",16,26,0,7
"Bijoy Nagar, Purana Paltan, Motijheel, Dhaka",42,50,8,50
"Binod Baid Residential Area, Savar, Dhaka",8,50,21,3
"Block A (Jha), Section 6, Mirpur, Dhaka",50,50,15,21
"Block A, Aftab Nagar, Dhaka",13,50,29,23
"Block A, Arambag Residential Area, Pallabi, Mirpur, Dhaka",60,27,6,8
"Block A, Arifabad Housing Society, Pallabi, Mirpur, Dhaka",50,26,6,13
"Block A, Banasree, Dhaka",19,50,25,24
"Block A, Bank Colony, Savar, Dhaka",8,50,24,3
"Block A, Bashundhara R-A, Dhaka",6,14,1,8
"Block A, Bochila City Developers Ltd, Bochila, Mohammadpur, Dhaka",19,0,0,9
"Block A, Bochila Garden City, Bochila, Mohammadpur, Dhaka",20,0,0,9
"Block A, Bochila West Dhanmondi R/A, Bochila, Mohammadpur, Dhaka",20,0,0,9
"Block A, Chad Uddan Housing, Mohammadpur, Dhaka",35,24,29,19
"Block A, Chandmiya Housing, Mohammadpur, Dhaka",50,47,38,28
"Block A, Chandrima Model Town, Mohammadpur, Dhaka",6,1,5,2
"Block A, Dhaka Uddan, Mohammadpur, Dhaka",44,14,50,3
"Block A, Eastern Housing, Pallabi, Mirpur, Dhaka",50,26,6,13
"Block A, Future Town, Bochila, Mohammadpur, Dhaka",20,0,0,9
"Block A, Kaderabad Housing Society, Bosila, Mohammadpur, Dhaka",50,50,25,33
"Block A, Lalmatia, Dhaka",50,51,20,50
"Block A, Mansurabad Housing Society, Adabor, Dhaka",35,48,24,30
"Block A, Metro Housing, Bochila, Mohammadpur, Dhaka",20,0,0,9
"Block A, Mohanagar Housing, West Rampura, Rampura, Dhaka",43,50,14,28
"Block A, Niketan, Dhaka",50,50,50,18
"Block A, Nobodoy Housing Society, Mohammadpur, Dhaka",50,29,50,11
"Block A, Pallabi, Mirpur, Dhaka",50,26,6,13
"Block A, Radio Colony, Savar, Dhaka",5,40,14,2
"Block A, Rainkhola, Section 2, Mirpur, Dhaka",50,50,5,19
"Block A, Rajuk Uttara Apartment Project, Sector 18, Uttara, Dhaka",0,0,0,1
"Block A, Sat Masjid Housing, Mohammadpur, Dhaka",50,43,35,26
"Block A, Sayednagar, East Vatara, Vatara, Badda, Dhaka",14,21,8,13
"Block A, Section 1, Mirpur, Dhaka",26,27,3,13
"Block A, Section 10, Mirpur, Dhaka",50,50,20,26
"Block A, Section 11, Mirpur, Dhaka",50,50,20,27
"Block A, Section 12, Mirpur, Dhaka",50,50,17,21
"Block A, Section 13, Mirpur, Dhaka",50,50,15,13
"Block A, Section 2, Mirpur, Dhaka",50,50,5,16
"Block A, Section 6, Mirpur, Dhaka",50,50,15,21
"Block A, Sontek, Donia, Jatra Bari, Dhaka",24,41,2,5
"Block A, South Banasree Project, Banasree, Dhaka",4,5,1,3
"Block A/5, Word 9, Khilbari Tek, Badda, Dhaka",17,28,16,9
"Block B, Aftab Nagar, Dhaka",11,39,27,20
"Block B, Arambag Residential Area, Pallabi, Mirpur, Dhaka",50,26,6,13
"Block B, Banasree, Dhaka",10,50,21,21
"Block B, Bank Colony, Savar, Dhaka",8,50,24,3
"Block B, Bashundhara R-A, Dhaka",9,13,3,6
"Block B, Bochila City Developers Ltd, Bochila, Mohammadpur, Dhaka",20,0,0,9
"Block B, Bochila West Dhanmondi R/A, Bochila, Mohammadpur, Dhaka",20,0,0,9
"Block B, Chad Uddan Housing, Mohammadpur, Dhaka",35,24,29,19
"Block B, Chandrima Model Town, Mohammadpur, Dhaka",6,1,5,2
"Block B, Dakkhin Paikpara, Paikpara, Mirpur, Dhaka",50,27,6,8
"Block B, Dhaka Uddan, Mohammadpur, Dhaka",44,14,50,5
"Block B, Dolipara, Uttara, Dhaka",19,47,1,7
"Block B, Eastern Housing, Pallabi, Mirpur, Dhaka",50,26,6,13
"Block B, Kaderabad Housing Society, Bosila, Mohammadpur, Dhaka",50,50,25,33
"Block B, Kaderabad Housing Society, Katashur, Mohammadpur, Dhaka",50,50,25,33
"Block B, Mansurabad Housing Society, Adabor, Dhaka",35,48,24,30
"Block B, Metro Housing, Bochila, Mohammadpur, Dhaka",20,0,0,9
"Block B, Mohammadi Homes R/A, Mohammadpur, Dhaka",50,50,50,50
"Block B, Mohanagar Housing, West Rampura, Rampura, Dhaka",26,50,8,18
"Block B, New Town R/A, Matuail, Demra, Dhaka",4,7,0,1
"Block B, Niketan, Dhaka",50,50,50,20
"Block B, Nobodoy Housing Society, Mohammadpur, Dhaka",50,29,50,11
"Block B, Pallabi, Mirpur, Dhaka",50,50,6,13
"Block B, Phase One, Pink City Model Town, Dumni, Dhaka",0,0,0,0
"Block B, Sayednagar, East Vatara, Vatara, Badda, Dhaka",14,21,8,13
"Block B, Section 1, Mirpur, Dhaka",26,27,3,13
"Block B, Section 10, Mirpur, Dhaka",50,50,24,48
"Block B, Section 11, Mirpur, Dhaka",50,50,19,28
"Block B, Section 12, Mirpur, Dhaka",50,50,17,21
"Block B, Section 13, Mirpur, Dhaka",50,50,15,25
"Block B, Section 2, Mirpur, Dhaka",50,50,5,19
"Block B, Section 6, Mirpur, Dhaka",50,50,19,32
"Block B, Sher-E-Bangla Avenue, Dolipara, Uttara, Dhaka",18,47,1,16
"Block B, South Banasree Project, Banasree, Dhaka",4,5,1,3
"Block C (Jha), Section 6, Mirpur, Dhaka",50,50,15,21
"Block C Extension, Banasree, Dhaka",32,50,8,27
"Block C, Aftab Nagar, Dhaka",2,0,0,0
"Block C, Arambag Residential Area, Pallabi, Mirpur, Dhaka",50,26,6,13
"Block C, Banasree, Dhaka",18,45,15,22
"Block C, Bashundhara R-A, Dhaka",15,31,4,17
"Block C, Bochila City Developers Ltd, Bochila, Mohammadpur, Dhaka",20,0,0,9
"Block C, Bochila Garden City, Bochila, Mohammadpur, Dhaka",20,0,0,9
"Block C, Chad Uddan Housing, Mohammadpur, Dhaka",35,24,29,19
"Block C, Chandmiya Housing, Mohammadpur, Dhaka",50,47,38,28
"Block C, Chandrima Model Town, Mohammadpur, Dhaka",6,1,5,2
"Block C, Dakkhin Paikpara, Paikpara, Mirpur, Dhaka",50,27,6,8
"Block C, Dhaka Uddan, Mohammadpur, Dhaka",44,14,50,3
"Block C, Eastern Housing, Pallabi, Mirpur, Dhaka",50,26,6,13
"Block C, Kaderabad Housing Society, Bosila, Mohammadpur, Dhaka",50,50,25,33
"Block C, Khilgaon, Dhaka",50,50,9,40
"Block C, Mansurabad Housing Society, Adabor, Dhaka",35,48,24,30
"Block C, Metro Housing, Bochila, Mohammadpur, Dhaka",19,0,0,9
"Block C, Mohanagar Housing, West Rampura, Rampura, Dhaka",43,50,14,28
"Block C, Niketan, Dhaka",50,50,50,19
"Block C, Nobodoy Housing Society, Mohammadpur, Dhaka",50,29,50,11
"Block C, Section 1, Mirpur, Dhaka",26,27,3,13
"Block C, Section 10, Mirpur, Dhaka",50,50,20,26
"Block C, Section 11, Mirpur, Dhaka",50,50,20,36
"Block C, Section 12, Mirpur, Dhaka",50,50,17,21
"Block C, Section 13, Mirpur, Dhaka",50,50,15,25
"Block C, Section 2, Mirpur, Dhaka",50,50,5,19
"Block C, Section 6, Mirpur, Dhaka",50,50,15,21
"Block C, South Banasree Project, Banasree, Dhaka",4,5,1,3
"Block C1, Sector 15, Uttara, Dhaka",3,0,0,2
"Block Cha, Section 2, Mirpur, Dhaka",50,49,5,19
"Block D Extension, Banasree, Dhaka",35,49,11,26
"Block D, Aftab Nagar, Dhaka",6,20,15,8
"Block D, Arambag Residential Area, Pallabi, Mirpur, Dhaka",50,26,6,13
"Block D, Arifabad Housing Society, Pallabi, Mirpur, Dhaka",18,47,1,16
"Block D, Banasree, Dhaka",9,36,15,12
"Block D, Bank Colony, Savar, Dhaka",8,50,24,3
"Block D, Bashundhara R-A, Dhaka",6,9,3,3
"Block D, Bochila Garden City, Bochila, Mohammadpur, Dhaka",20,0,0,9
"Block D, Chad Uddan Housing, Mohammadpur, Dhaka",35,25,29,19
"Block D, Chandrima Model Town, Mohammadpur, Dhaka",6,1,5,2
"Block D, Dakkhin Paikpara, Paikpara, Mirpur, Dhaka",50,27,6,8
"Block D, Dhaka Uddan, Mohammadpur, Dhaka",44,14,50,3
"Block D, Dolipara, Uttara, Dhaka",18,47,1,16
"Block D, Eastern Housing, Pallabi, Mirpur, Dhaka",50,26,6,13
"Block D, Future Town, Bochila, Mohammadpur, Dhaka",20,0,0,9
"Block D, Kaderabad Housing Society, Bosila, Mohammadpur, Dhaka",50,50,25,33
"Block D, Kaderabad Housing Society, Katashur, Mohammadpur, Dhaka",20,0,0,9
"Block D, Lalmatia, Dhaka",49,50,23,50
"Block D, Mansurabad Housing Society, Adabor, Dhaka",35,48,24,30
"Block D, Meraj Nagar, Kadamtali, Shyampur, Dhaka",50,50,25,33
"Block D, Metro Housing, Bochila, Mohammadpur, Dhaka",20,0,0,9
"Block D, Mohanagar Housing, West Rampura, Rampura, Dhaka",50,50,6,42
"Block D, Niketan, Dhaka",46,44,40,18
"Block D, Nobodoy Housing Society, Mohammadpur, Dhaka",50,29,50,11
"Block D, Pallabi, Mirpur, Dhaka",47,25,6,13
"Block D, Section 1, Mirpur, Dhaka",27,25,3,12
"Block D, Section 10, Mirpur, Dhaka",50,49,18,23
"Block D, Section 11, Mirpur, Dhaka",47,44,19,27
"Block D, Section 12, Mirpur, Dhaka",49,46,17,19
"Block D, Section 15, Mirpur, Dhaka",50,46,8,17
"Block D, Section 2, Mirpur, Dhaka",47,48,5,19
"Block D, Section 6, Mirpur, Dhaka",44,45,15,21
"Block D, South Banasree Project, Banasree, Dhaka",4,5,1,3
"Block D2, Section 10, Mirpur, Dhaka",45,47,20,24
"Block Dha, Section 12, Mirpur, Dhaka",50,46,20,20
"Block E, Aftab Nagar, Dhaka",4,5,2,5
"Block E, Arambag Residential Area, Pallabi, Mirpur, Dhaka",50,26,6,13
"Block E, Arifabad Housing Society, Pallabi, Mirpur, Dhaka",50,29,50,11
"Block E, Banasree, Dhaka",8,12,10,8
"Block E, Bank Colony, Savar, Dhaka",8,42,24,3
"Block E, Bashundhara R-A, Dhaka",9,11,3,3
"Block E, Chandrima Model Town, Mohammadpur, Dhaka",6,1,5,2
"Block E, Dolipara, Uttara, Dhaka",18,47,1,16
"Block E, Eastern Housing, Pallabi, Mirpur, Dhaka",21,40,1,16
"Block E, Kaderabad Housing Society, Bosila, Mohammadpur, Dhaka",50,50,25,33
"Block E, Lalmatia, Dhaka",46,40,28,27
"Block E, Niketan, Dhaka",50,41,44,18
"Block E, Section 1, Mirpur, Dhaka",28,27,3,13
"Block E, Section 11, Mirpur, Dhaka",48,45,18,26
"Block E, Section 12, Mirpur, Dhaka",46,40,18,21
"Block E, Section 2, Mirpur, Dhaka",49,42,5,16
"Block E, Section 6, Mirpur, Dhaka",40,38,16,20
"Block E, South Banasree Project, Banasree, Dhaka",4,5,1,3
"Block E1, Chandrima Model Town, Mohammadpur, Dhaka",6,1,5,2
"Block F, Aftab Nagar, Dhaka",4,5,2,5
"Block F, Arambag Residential Area, Pallabi, Mirpur, Dhaka",50,26,6,13
"Block F, aziz Moholla, Mohammadpur, Dhaka",48,39,46,35
"Block F, Banasree, Dhaka",5,7,2,4
"Block F, Bashundhara R-A, Dhaka",6,10,2,3
"Block F, Dhaka Uddan, Mohammadpur, Dhaka",44,14,50,3
"Block F, Dolipara, Uttara, Dhaka",18,47,1,16
"Block F, Eastern Housing, Pallabi, Mirpur, Dhaka",21,40,1,16
"Block F, Mohammadpur, Dhaka",50,38,0,41
"Block F, Section 1, Mirpur, Dhaka",26,27,3,13
"Block F, Section 11, Mirpur, Dhaka",50,50,19,28
"Block F, Section 2, Mirpur, Dhaka",50,0,5,19
"Block F, South Banasree Project, Banasree, Dhaka",4,5,1,3
"Block G, Arambag Residential Area, Pallabi, Mirpur, Dhaka",50,26,6,13
"Block G, Arifabad Housing Society, Pallabi, Mirpur, Dhaka",50,29,50,11
"Block G, Banasree, Dhaka",5,9,3,7
"Block G, Bashundhara R-A, Dhaka",5,5,1,3
"Block G, Section 1, Mirpur, Dhaka",26,27,3,13
"Block G, Section 2, Mirpur, Dhaka",50,0,5,19
"Block G, South Banasree Project, Banasree, Dhaka",4,5,1,3
"Block G/1, Section 2, Mirpur, Dhaka",50,0,5,19
"Block H, Aftab Nagar, Dhaka",2,2,1,1
"Block H, Banasree, Dhaka",3,4,1,3
"Block H, Bank Colony, Savar, Dhaka",8,50,24,3
"Block H, Bashundhara R-A, Dhaka",1,0,0,1
"Block H, Bochila Garden City, Bochila, Mohammadpur, Dhaka",20,0,0,9
"Block H, Eastern Housing, Pallabi, Mirpur, Dhaka",21,40,1,16
"Block H, Kazi Furi, Ghudaraghat, Section 1, Mirpur, Dhaka",50,26,6,13
"Block H, Section 2, Mirpur, Dhaka",50,0,5,19
"Block H, South Banasree Project, Banasree, Dhaka",4,5,1,3
"Block I Extension, Bashundhara R-A, Dhaka",6,0,2,2
"Block I, Arifabad Housing Society, Pallabi, Mirpur, Dhaka",50,29,50,11
"Block I, Bank Colony, Savar, Dhaka",8,50,24,3
"Block I, Bashundhara R-A, Dhaka",5,0,2,3
"Block J, Banasree, Dhaka",3,2,1,1
"Block J, Baridhara, Dhaka",20,50,14,21
"Block J, Bashundhara R-A, Dhaka",2,0,0,1
"Block J, Eastern Housing, Pallabi, Mirpur, Dhaka",21,40,1,16
"Block J, Pallabi Extension, Pallabi, Mirpur, Dhaka",50,50,24,49
"Block J, Section 3, Mirpur, Dhaka",41,50,3,14
"Block J, South Banasree Project, Banasree, Dhaka",4,5,1,3
"Block K, Aftab Nagar, Dhaka",1,0,0,0
"Block K, Baridhara, Dhaka",32,50,7,22
"Block K, Bashundhara R-A, Dhaka",0,0,0,1
"Block K, Eastern Housing, Pallabi, Mirpur, Dhaka",50,50,24,49
"Block K, South Banasree Project, Banasree, Dhaka",4,5,1,3
"Block Ka, North Bishil, Section 1, Mirpur, Dhaka",26,27,3,13
"Block Ka, Section 6, Mirpur, Dhaka",50,50,15,21
"Block Kha, Section 6, Mirpur, Dhaka",50,50,15,21
"Block L, Bashundhara R-A, Dhaka",0,0,0,1
"Block L, Eastern Housing, Pallabi, Mirpur, Dhaka",50,26,6,13
"Block L, South Banasree Project, Banasree, Dhaka",4,5,1,3
"Block M, Banasree, Dhaka",5,2,1,1
"Block M, South Banasree Project, Banasree, Dhaka",4,5,1,3
"Block N, South Banasree Project, Banasree, Dhaka",4,5,1,3
"Block TA, Section 12, Mirpur, Dhaka",50,50,17,14
"Block TA, Section 6, Mirpur, Dhaka",50,50,5,10
"Boatghat, Namapara, Khilkhet, Dhaka",1,6,0,4
"Bochila Garden City, Bochila, Mohammadpur, Dhaka",19,0,0,9
"Bochila, Mohammadpur, Dhaka",20,0,0,9
"Bonolota Abashik Elaka, West Agargaon, Agargaon, Dhaka",28,18,33,35
"Boro Maghbazar, Maghbazar, Dhaka",50,50,19,50
"Borobag, Section 2, Mirpur, Dhaka",50,50,5,19
"Borobhanga, Sarulia, Demra, Dhaka",0,0,0,2
"Boroigram, West Bank Town, Bank Town, Savar, Dhaka",1,11,3,0
"Boshoty Housing, Borobag, Section 2, Mirpur, Dhaka",50,50,5,19
"Bosila, Mohammadpur, Dhaka",50,50,3,11
"Bot Tola, Khilkhet, Dhaka",2,7,0,5
"Bottola, Zirabo, Ashulia, Savar, Dhaka",2,2,0,1
"Bou Bazar, East Hazipara, East Rampura, Rampura, Dhaka",36,50,8,28
"Cantonment, Dhaka",17,18,1,22
"Chadd Uddan, Dhaka",50,31,35,21
"Chairman Para, Dakshin Khan, Dhaka",26,14,2,4
"Chalabon, Dakshin Khan, Dhaka",37,50,2,22
"Chalantika Housing, Hemayetpur, Savar, Dhaka",5,6,1,1
"Chanbari, Uttar Khan, Dhaka",5,0,1,2
"Chandmiya Housing, Mohammadpur, Dhaka",50,48,38,28
"Chandrima Model Town, Mohammadpur, Dhaka",50,48,38,28
"Chawk Bazar, Lalbagh, Dhaka",50,50,4,50
"Chayabithi Eastern Housing, Middle Bashabo, Bashabo, Dhaka",46,49,11,38
"Chayabithi, Badda, Savar, Dhaka",5,45,17,0
"Chowdhury Bazar, Lalbagh, Dhaka",50,50,1,50
"Comfort Housing, Adabor, Dhaka",35,48,24,30
"Dagormora, Savar, Dhaka",5,6,1,1
"Dakkhin Paikpara, Mirpur, Dhaka",21,12,28,22
"Dakkhin Paikpara, Paikpara, Mirpur, Dhaka",50,27,6,8
"Dakshin Khan, Dhaka",37,50,2,22
"Darussalam, Mirpur, Dhaka",50,50,5,19
"Demra, Dhaka",2,1,1,2
"Dendabor, Ashulia, Savar, Dhaka",2,2,0,1
Dhaka,,,,
"Dhaka Real Estate, Katashur, Mohammadpur, Dhaka",50,44,6,15
"Dhaka Uddan, Mohammadpur, Dhaka",44,1,13,1
"Dhalpur, Jatra Bari, Dhaka",50,50,5,39
"Dhanmondi, Dhaka",50,50,20,50
"Dhorangartek, Turag, Dhaka",5,4,1,2
"Dilkhushabag, Savar, Dhaka",5,6,1,1
"Dogair, Demra, Dhaka",2,1,1,2
"DOHS, Ashulia, Savar, Dhaka",2,2,0,1
"Dolairpar, Kadamtali, Shyampur, Dhaka",13,17,2,1
"Dolipara, Uttara, Dhaka",19,47,1,16
"Donia, Jatra Bari, Dhaka",50,50,5,39
"Doniya, Shyampur, Dhaka",24,47,2,6
"Duip R-A, Block A, Section 2, Mirpur, Dhaka",50,50,5,19
"Duip R-A, Block B, Section 2, Mirpur, Dhaka",50,50,5,19
"East Ahmed Nagar, Ahmed Nagar, Mirpur, Dhaka",29,24,7,16
"East Azampur, Dakshin Khan, Dhaka",27,42,2,7
"East Badda, Badda, Dhaka",10,36,36,8
"East Bashabo, Bashabo, Dhaka",32,24,6,27
"East Dolairpar, Dolairpar, Kadamtali, Shyampur, Dhaka",13,17,2,1
"East Doniya, Doniya, Shyampur, Dhaka",24,47,2,6
"East Goran, Goran, Khilgaon, Dhaka",31,39,8,13
"East Hazipara, East Rampura, Rampura, Dhaka",36,50,8,28
"East Jurain, Jurain, Shyampur, Dhaka",6,7,1,4
"East Kafrul, Kafrul, Dhaka",25,12,0,25
"East Kazipara, Mirpur, Dhaka",47,50,6,18
"East Khilbari Tek, Khilbari Tek, Badda, Dhaka",17,28,16,9
"East Madartek, Madartek, Bashabo, Dhaka",24,17,6,11
"East Manikdi, Manikdi, Cantonment, Dhaka",20,10,3,20
"East Maniknagar, Maniknagar, Dhaka",6,6,2,11
"East Merul Badda, Merul Badda, Badda, Dhaka",20,50,44,22
"East Mollartek, Dakshin Khan, Dhaka",31,50,2,8
"East Monipur, Mirpur, Dhaka",29,19,3,14
"East Nakhalpara, Tejgaon, Dhaka",12,50,1,12
"East Namapara, Namapara, Khilkhet, Dhaka",1,6,0,4
"East Rampura, Rampura, Dhaka",36,50,8,28
"East Rasulpur, Rasulpur, Donia, Jatra Bari, Dhaka",50,50,5,39
"East Sheikhdi, Sheikhdi, Jatra Bari, Dhaka",50,50,4,32
"East Shewrapara, Mirpur, Dhaka",29,19,3,14
"Eastern Housing, Pallabi, Mirpur, Dhaka",21,40,1,16
"Eastern Pallabi, Pallabi, Mirpur, Dhaka",21,40,1,16
"Elephant Road, New Market, Dhaka",50,50,15,50
"Eskaton, Dhaka",50,50,18,50
"Faidabad Garden City, Faydabad, Dakshin Khan, Dhaka",27,42,2,7
"Fakirapool, Motijheel, Dhaka",39,50,9,40
"Faridabad, Shyampur, Dhaka",47,30,6,22
"Farmgate, Tejgaon, Dhaka",16,50,5,34
"Faydabad, Dakshin Khan, Dhaka",27,42,2,7
"Faydabad, East Azampur, Dakshin Khan, Dhaka",27,42,2,7
"Future Town, Bochila, Mohammadpur, Dhaka",19,0,0,9
"Gandaria, Sutrapur, Dhaka",50,50,6,36
"Gawair, Dakshin Khan, Dhaka",27,42,2,7
"Genda, Savar, Dhaka",3,21,9,3
"Glass Factory, Faridabad, Shyampur, Dhaka",47,50,6,28
"Goalbari Mor, Donia, Jatra Bari, Dhaka",50,50,5,39
"Goaltek, Dakshin Khan, Dhaka",27,42,2,7
"Goaltek, Faydabad, Dakshin Khan, Dhaka",6,14,3,5
"Gojmohal, Hazaribag, Dhaka",50,50,15,25
"Golapbag, Jatra Bari, Dhaka",50,50,5,39
"Golartek, Section 1, Mirpur, Dhaka",21,40,1,16
"Goltek, Cantonment, Dhaka",20,10,3,20
"Gopibag, Motijheel, Dhaka",9,15,1,17
"Goran, Khilgaon, Dhaka",31,39,8,13
"Goshbag, Zirabo, Ashulia, Savar, Dhaka",2,2,0,1
"Green City Housing, Mohammadpur, Dhaka",1,1,0,1
"Green Road, Dhanmondi, Dhaka",50,50,20,50
"Gudaraghat, Middle Badda, Badda, Dhaka",50,50,43,12
"Gulbag, Malibagh, Dhaka",50,50,12,42
"Gulshan 1, Gulshan, Dhaka",50,50,50,12
"Gulshan 2, Gulshan, Dhaka",50,50,50,15
"Haji Nagar, Sarulia, Demra, Dhaka",0,0,0,2
"Hashem Khan Road, Sultanganj, Rayer Bazaar, Hazaribag, Dhaka",38,42,8,40
"Hatimbag, Dakshin Khan, Dhaka",27,42,2,7
"Hatirpool, Dhaka",50,50,20,39
"Hatkhola, Tikatuli, Sutrapur, Dhaka",50,50,9,45
"Hazaribag Model Town, Hazaribag, Dhaka",38,42,8,40
"Hazaribag, Dhaka",50,50,15,25
"Hazaribagh Road, Hazaribag, Dhaka",50,50,15,25
"Hemayetpur, Savar, Dhaka",5,6,1,1
"Hijla, Amin Bazar, Savar, Dhaka",1,0,0,0
"IBN SINA Housing, Adabor, Dhaka",32,38,30,12
"Ibrahimpur, Dhaka",20,7,2,10
"Imandipur, Savar, Dhaka",2,2,0,1
"Indira Road, Tejgaon, Dhaka",12,50,1,12
"Jadurchar, Hemayetpur, Savar, Dhaka",5,6,1,1
"Jagannath Shaha Road, Amligola, Lalbagh, Dhaka",50,41,1,38
"Jagannathpur, Badda, Dhaka",16,35,4,12
"Jahangirnagar Housing Society, Savar, Dhaka",5,6,1,1
"Jahuri Moholla, Mohammadpur, Dhaka",50,50,3,11
"Jaleshwar, Savar, Dhaka",5,6,1,1
"Jamgora, Ashulia, Savar, Dhaka",2,2,0,1
"Jamtola, East Rampura, Rampura, Dhaka",36,50,8,28
"Jamtola, Kawlar, Dakshin Khan, Dhaka",27,42,2,7
"Jamtola, Khilkhet, Dhaka",5,11,0,3
"Janata Housing Society, Adabor, Dhaka",35,48,24,30
"Janata Housing Society, Shah Ali Bag, Mirpur, Dhaka",21,40,1,16
"Janata Housing, Shah Ali Bag, Section 1, Mirpur, Dhaka",24,27,3,13
"Janata Housing, Sher- E- Banglanagar, West Agargaon, Agargaon, Dhaka",28,18,33,35
"Jashimuddin Avenue, Dolipara, Uttara, Dhaka",18,47,1,16
"Jatra Bari, Dhaka",50,50,5,39
"Jhauchor, Hazaribag, Dhaka",50,3,8,13
"Jhigatola Road, Dhanmondi, Dhaka",50,50,20,50
"Jhilpar, Middle Pirerbag, Pirerbag, Mirpur, Dhaka",21,40,5,16
"Jigatola, Hazaribag, Dhaka",38,42,8,40
"Joar Sahara, Dhaka",14,17,4,6
"Joyna Bari, Hemayetpur, Savar, Dhaka",5,6,1,1
"Jurain, Shyampur, Dhaka",6,7,1,4
"Kachukhet, Dhaka",12,17,1,8
"Kadamtala Road, Kadamtala, Bashabo, Dhaka",33,23,5,25
"Kadamtala, Bashabo, Dhaka",32,23,5,22
"Kadamtali, Shyampur, Dhaka",13,17,2,1
"Kaderabad Housing Society, Bosila, Mohammadpur, Dhaka",50,50,3,11
"Kaderabad Housing Society, Katashur, Mohammadpur, Dhaka",19,0,0,9
"Kafrul, Dhaka",25,12,0,25
"Kahektuli, Bangshal, Dhaka",44,50,9,50
"Kajla, Jatra Bari, Dhaka",50,50,5,39
"Kakrail, Dhaka",50,50,23,43
"Kalabagan, Dhaka",50,50,17,50
"Kalachandpur, Dhaka",16,36,2,16
"Kalibari, Rajarbag, Bashabo, Dhaka",32,24,6,27
"Kallyanpur, Mirpur, Dhaka",44,18,50,22
"Kalunagar, Hazaribag, Dhaka",38,42,8,40
"Kamal Sarani, South Pirerbag, Pirerbag, Mirpur, Dhaka",21,40,1,16
"Kamal Soroni, Middle Pirerbag, Pirerbag, Mirpur, Dhaka",21,40,5,16
"Kamarpara, Turag, Dhaka",5,4,1,2
"Kamlapur, Motijheel, Dhaka",28,38,8,13
"Kamrangirchar, Dhaka",50,22,1,34
"Karimullah Bag, Postagola, Shyampur, Dhaka",36,50,3,24
"Karnapara, Ulail, Genda, Savar, Dhaka",3,21,9,3
"Karwan Bazar, Tejgaon, Dhaka",50,50,12,11
"Katabon, New Market, Dhaka",50,50,15,50
"Katashur, Mohammadpur, Dhaka",50,44,6,15
"Kathalbagan, Dhaka",36,48,30,33
"Katherpul, Sutrapur, Dhaka",50,50,9,45
"Kawlar Moddho Para, Kawlar, Dakshin Khan, Dhaka",27,42,2,7
"Kawlar, Dakshin Khan, Dhaka",22,42,2,7
"Kazi Alauddin Road, Bangshal, Dhaka",50,50,9,50
"Kazibari, Dakshin Khan, Dhaka",27,38,2,6
"Kazirgaon, Jatra Bari, Dhaka",50,50,5,39
"Kellar Mor, Lalbagh, Dhaka",50,41,4,38
"Kha Para, Khilkhet, Dhaka",2,7,0,4
"Khaje Dewan, Lalbagh, Dhaka",50,41,2,38
"Khilbari Tek, Badda, Dhaka",17,28,16,9
"Khilgaon, Dhaka",24,28,6,12
"Khilkhet, Dhaka",2,7,1,5
"Konapara, Demra, Dhaka",2,1,1,2
"Kotwali, Dhaka",30,21,3,9
"Kulutala, Sutrapur, Dhaka",50,50,9,45
"Kunipara, Tejgaon Industrial Area, Tejgaon, Dhaka",32,50,1,12
"Kuratoli, Kuril, Dhaka",4,5,2,3
"Kuril, Dhaka",4,5,2,3
"Kuripara, Uttar Khan, Dhaka",5,0,1,2
"Kutubkhali, Jatra Bari, Dhaka",50,50,5,39
"Lake View Society, South Pirerbag, Pirerbag, Mirpur, Dhaka",21,40,1,16
"Lalbagh Road, Lalbagh, Dhaka",50,41,4,38
"Lalbagh, Dhaka",50,41,4,38
"Lalkuthi, 3rd Colony, Mirpur, Dhaka",9,12,6,8
"Lalkuthi, Mirpur, Dhaka",9,12,6,8
"Lalmati, Block E, Section 11, Mirpur, Dhaka",35,38,5,8
"Lalmatia, Dhaka",46,40,28,27
"Latif Real Estate, Katashur, Mohammadpur, Dhaka",50,44,6,15
"Luxmibazar, Sutrapur, Dhaka",50,50,9,45
"Madani Avenue, Natun Bazar, Badda, Dhaka",17,50,11,6
"Madartek, Bashabo, Dhaka",24,17,6,11
"Madartek, East Bashabo, Bashabo, Dhaka",32,24,6,27
"Madhya Ajampur, Dakshin Khan, Dhaka",27,42,2,7
"Madinabag, Rayerbag, Kadamtali, Shyampur, Dhaka",13,17,2,1
"Maghbazar, Dhaka",50,50,19,50
"Mahuthtuli, Bangshal, Dhaka",44,50,9,50
"Majed Sardar Road, Bangshal, Dhaka",50,50,9,50
"Majidpur, Savar, Dhaka",5,45,18,7
"Malancha Residential Area, Savar, Dhaka",3,21,9,3
"Malibag Bazar Rd, Malibagh, Dhaka",57,62,16,30
"Malibagh Chowdhury Para, Malibagh, Dhaka",54,63,16,30
"Malibagh, Dhaka",57,62,16,30
"Malitola Road, Malitola, Bangshal, Dhaka",46,50,9,50
"Malitola, Bangshal, Dhaka",50,50,9,50
"Manda, Mugdapara, Dhaka",28,38,8,13
"Manikdi, Cantonment, Dhaka",25,32,3,18
"Maniknagar, Dhaka",18,27,2,38
"Mannan Sharani, West Shewrapara, Mirpur, Dhaka",29,19,3,14
"Mansurabad Housing Society, Adabor, Dhaka",32,38,30,12
"Master Para, Uttar Khan, Dhaka",5,0,1,2
"Mastertek, Cantonment, Dhaka",20,10,3,20
"Matikata Bazar Road, Matikata, Cantonment, Dhaka",20,10,3,20
"Matikata, Cantonment, Dhaka",20,10,3,20
"Matuail, Demra, Dhaka",4,7,0,1
"Mayakanon, Sabujbag, South Bashabo, Bashabo, Dhaka",39,25,8,30
"Mazar Para, Uttar Khan, Dhaka",5,0,1,2
"Mazar Road, 2nd Colony, Mirpur, Dhaka",15,24,2,13
"Meradia, Khilgaon, Dhaka",24,28,6,12
"Meraj Nagar, Kadamtali, Shyampur, Dhaka",50,50,25,33
"Merul Badda, Badda, Dhaka",20,50,44,22
"Middle Badda, Badda, Dhaka",50,50,43,12
"Middle Bashabo, Bashabo, Dhaka",46,49,11,38
"Middle Faydabad, Faydabad, Dakshin Khan, Dhaka",6,14,3,5
"Middle Kuril, Kuril, Dhaka",4,5,2,3
"Middle Monipur, Mirpur, Dhaka",32,48,5,18
"Middle Paikpara, Mirpur, Dhaka",50,27,6,8
"Middle Pirerbag, Pirerbag, Mirpur, Dhaka",21,40,5,16
"Mir Hajir Bag Road, West Dolairpar, Shyampur, Dhaka",24,47,3,6
"Mir Hajirbag, Jatra Bari, Dhaka",50,50,5,39
"Mir Hajirbag, West Jatrabari, Jatra Bari, Dhaka",50,50,5,39
"Mirpur DOHS, Mirpur, Dhaka",38,35,3,18
"Mirpur Road, New Market, Dhaka",50,50,15,50
"Mirpur, Dhaka",0,0,0,0
"Moddho Para, Hijla, Amin Bazar, Savar, Dhaka",1,0,0,0
"Moddhopara, Ashkona, Dakshin Khan, Dhaka",26,38,0,8
"Moddo Para, Khilkhet, Dhaka",2,7,0,4
"Modhubag, Boro Maghbazar, Maghbazar, Dhaka",50,50,19,50
"Mofizbag Housing, Shekhertek, Mohammadpur, Dhaka",50,29,50,11
"Mohakhali DOHS, Dhaka",50,50,50,12
"Mohakhali, Dhaka",50,50,50,17
"Mohammadbag, Purba Jurain, Shyampur, Dhaka",6,7,1,4
"Mohammadi Homes R/A, Mohammadpur, Dhaka",43,14,44,4
"Mohammadi Housing LTD., Mohammadpur, Dhaka",43,14,44,4
"Mohammadia Housing Society, Mohammadpur, Dhaka",43,14,44,4
"Mohammadpur, Dhaka",50,29,50,11
"Mohanagar Housing, West Rampura, Rampura, Dhaka",50,50,6,42
"Mollapara, Uttar Khan, Dhaka",5,0,1,2
"Mollartek, Dakshin Khan, Dhaka",31,50,2,8
"Mollika R/A, Section 7, Mirpur, Dhaka",50,50,4,13
"Momenbagh, Konapara, Demra, Dhaka",2,1,1,2
"Moneshwar, Hazaribag, Dhaka",38,42,8,40
"Monipur, Mirpur, Dhaka",32,48,5,18
"Monipuripara, Tejgaon, Dhaka",16,44,12,15
"Motijheel Extension, Motijheel, Dhaka",28,38,8,13
"Motijheel, Dhaka",28,38,8,13
"Moushair, Dakshin Khan, Dhaka",31,50,2,8
"Moushan East Para, Kuril, Dhaka",4,5,2,3
"Mugdapara, Dhaka",20,14,5,20
"Mukti Polli, Khilbari Tek, Badda, Dhaka",17,28,16,9
"Muradpur, Kadamtali, Shyampur, Dhaka",13,17,2,1
"Muslim Nagar, South Matuail, Matuail, Demra, Dhaka",4,7,0,1
"Nabi Nagar Housing, Mohammadpur, Dhaka",43,14,44,4
"Nabi Nagar, South Jatra Bari, Jatra Bari, Dhaka",50,50,5,39
"Nabinagar, Ashulia, Savar, Dhaka",2,2,0,1
"Nadda, Dhaka",16,21,4,9
"Naddapara, Dakshin Khan, Dhaka",25,8,0,4
"Namapara, Khilkhet, Dhaka",3,8,0,4
"Narinda, Sutrapur, Dhaka",50,50,9,45
"Natun Bazar, Badda, Dhaka",17,50,11,6
"Nawabgonj, Lalbagh, Dhaka",50,41,2,38
"Naya Bazar, Bangshal, Dhaka",50,50,9,50
"Naya Nagar, Khilkhet, Dhaka",3,8,0,4
"Naya Nagar, Vatara, Badda, Dhaka",14,21,8,9
"Naya Paltan, Motijheel, Dhaka",35,50,8,50
"Nayarhat, Ashulia, Savar, Dhaka",2,2,0,1
"Nayatola, Boro Maghbazar, Maghbazar, Dhaka",50,50,19,50
"Nayatola, Maghbazar, Dhaka",50,50,19,50
"Nazimuddin Road, Saat Rawza, Bangshal, Dhaka",50,50,9,50
"New Ali Bohor, Postagola, Shyampur, Dhaka",36,50,3,24
"New Eskaton, Eskaton, Dhaka",50,50,18,50
"New Market, Dhaka",50,50,15,50
"Niketan, Dhaka",50,50,28,18
"Nikunja 1, Nikunja, Dhaka",5,16,0,7
"Nikunja 2, Nikunja, Dhaka",3,8,0,6
"Nimtoli, Saat Rawza, Bangshal, Dhaka",40,48,9,38
"Nobinbagh, West Meradia, Meradia, Khilgaon, Dhaka",24,28,6,12
"Nobodoy Housing Society, Mohammadpur, Dhaka",50,26,6,13
"Noorpur, South Doniya, Doniya, Shyampur, Dhaka",24,47,2,6
"North Adabor, Adabor, Dhaka",35,48,24,30
"North Azampur, Dakshin Khan, Dhaka",24,35,2,12
"North Bashabo, Bashabo, Dhaka",46,49,11,38
"North Bishil, Section 1, Mirpur, Dhaka",26,27,3,13
"North Donia, Donia, Jatra Bari, Dhaka",24,41,2,15
"North Gawair, Gawair, Dakshin Khan, Dhaka",27,42,2,7
"North Goran, Goran, Khilgaon, Dhaka",32,39,8,13
"North Goran, Khilgaon,  Dhaka-1219, Goran, Khilgaon, Dhaka",27,35,8,12
"North Goran, Khilgaon, Dhaka",28,38,8,13
"North Ibrahimpur, Ibrahimpur, Dhaka",12,18,3,8
"North Jatra Bari, Jatra Bari, Dhaka",24,41,2,5
"North Jurain, Jurain, Shyampur, Dhaka",6,7,1,4
"North Kalachandpur, Kalachandpur, Dhaka",16,36,2,16
"North Kamlapur, Kamlapur, Motijheel, Dhaka",28,38,8,13
"North Kutubkhali, Kutubkhali, Jatra Bari, Dhaka",24,41,2,5
"North Manda, Manda, Mugdapara, Dhaka",28,38,8,13
"North Manikdi, Manikdi, Cantonment, Dhaka",25,32,3,18
"North Mugdapara, Mugdapara, Dhaka",28,38,8,13
"North Pirerbag, Pirerbag, Mirpur, Dhaka",21,40,1,16
"North Pirerbag, Pirerbag, Section 1, Mirpur, Dhaka",26,27,3,13
"North Shahjahanpur, Dhaka",28,40,12,20
"North Shahjahanpur, Shahjahanpur, Dhaka",26,40,12,20
"North Tengra, Tengra, Sarulia, Demra, Dhaka",0,0,0,2
"North Vashantek, Vashantek, Cantonment, Dhaka",22,33,2,20
"North West Jatrabari, Jatra Bari, Dhaka",50,50,5,39
"North-East Rajabari, Rajabari, Uttar Khan, Dhaka",23,5,2,4
"Notun Jurain, Jurain, Shyampur, Dhaka",6,7,1,4
"Nowapara, Dakshin Khan, Dhaka",14,6,0,4
"Noyapara Road, Donia, Jatra Bari, Dhaka",30,41,2,12
"Nurer Chala, Badda, Dhaka",12,13,6,5
"Old Elephant Road, Maghbazar, Dhaka",40,48,19,44
"Old Eskaton, Eskaton, Dhaka",42,45,18,46
"Paikpara, Ahmed Nagar, Mirpur, Dhaka",29,24,7,16
"Paikpara, Mirpur, Dhaka",50,27,6,8
"Pakar Matha, East Shewrapara, Mirpur, Dhaka",29,19,3,14
"Pallabi Extension, Pallabi, Mirpur, Dhaka",50,26,6,13
"Pallabi, Mirpur, Dhaka",50,26,6,13
"Panthapath, Kathalbagan, Dhaka",36,48,30,33
"Parbotinagar, Savar, Dhaka",0,0,0,0
"Paribagh, Dhaka",28,32,20,26
"PC Culture Housing Society, Shyamoli, Dhaka",32,38,30,12
"PC Culture Housing, Mohammadpur, Dhaka",32,37,30,14
"Phase Three, Pink City Model Town, Dumni, Dhaka",0,0,0,0
"Pilkhana, Hazaribag, Dhaka",38,42,8,40
"Pirerbag, Mirpur, Dhaka",21,40,1,16
"Pirerbag, Section 1, Mirpur, Dhaka",26,27,3,13
"Polash Bari, Baipail, Ashulia, Savar, Dhaka",2,2,0,1
"Polashpur, East Doniya, Doniya, Shyampur, Dhaka",24,47,2,6
"Popular Housing, Borobag, Section 2, Mirpur, Dhaka",26,27,5,13
"Porod Diea, Satarkul, Uttar Badda, Badda, Dhaka",50,50,50,16
"Postagola, Shyampur, Dhaka",24,47,3,6
"Principle Ershadullah Road, South Sheikhdi, Sheikhdi, Jatra Bari, Dhaka",50,50,4,32
"Priyanka City, Sector 12, Uttara, Dhaka",12,16,2,6
"Purana Paltan, Motijheel, Dhaka",42,50,8,50
"Purana Polton Lane, Purana Paltan, Motijheel, Dhaka",42,50,8,50
"Purbanchal Road, Uttar Badda, Badda, Dhaka",50,50,50,16
"Purbohati, Hemayetpur, Savar, Dhaka",5,6,1,1
"Radio Colony, Savar, Dhaka",5,40,14,2
"Rainkhola, Block Cha, Section 2, Mirpur, Dhaka",26,27,5,13
"Rajabari, Postagola, Shyampur, Dhaka",24,47,3,6
"RajaBari, Savar, Dhaka",24,47,3,6
"Rajabari, Uttar Khan, Dhaka",23,5,2,4
"Rajabazar, Tejgaon, Dhaka",16,44,12,15
"Rajarbag, Bashabo, Dhaka",32,24,6,27
"Rajarbagh, Motijheel, Dhaka",42,50,8,50
"Rajfulbaria, Savar, Dhaka",5,45,17,5
"Rampura, Dhaka",36,50,8,28
"Ranavola- Block D, Sector 10, Uttara, Dhaka",12,16,2,6
"Rasul Nagar, Sarulia, Demra, Dhaka",0,0,0,2
"Rasulbag, South Doniya, Doniya, Shyampur, Dhaka",24,47,2,6
"Rasulpur, Donia, Jatra Bari, Dhaka",30,37,5,16
"Rayer Bazaar, Hazaribag, Dhaka",38,42,8,40
"Rayerbag, Kadamtali, Shyampur, Dhaka",24,47,3,6
"Rayerbag, Purba Jurain, Shyampur, Dhaka",6,7,1,4
"Ring Road, Mohammadpur, Dhaka",50,29,40,11
"Ring Road, Shyamoli, Dhaka",32,38,30,12
"RK Mission Road, Gopibag, Motijheel, Dhaka",9,15,1,17
"Road No 1, Sector 6, Uttara, Dhaka",22,33,3,12
"Road No 1, West Nandipara, Khilgaon, Dhaka",7,2,1,0
"Road No 10, Block C, Section 11, Mirpur, Dhaka",26,27,15,13
"Road No 11, Block C, Section 11, Mirpur, Dhaka",26,27,14,13
"Road No 12, Block B, Section 11, Mirpur, Dhaka",26,27,14,13
"Road No 12, Sector 4, Uttara, Dhaka",22,33,3,12
"Road No 16, Banani, Dhaka",50,50,20,50
"Road No 17, Sector 12, Uttara, Dhaka",16,27,3,10
"Road No 1B, Sector 5, Uttara, Dhaka",22,33,3,12
"Road No 2, Block D, Bashundhara R-A, Dhaka",6,13,3,5
"Road No 4, Block G, Bashundhara R-A, Dhaka",6,13,3,5
"Road No 5, Dhanmondi, Dhaka",20,30,12,34
"Road No 7, Block E, Banasree, Dhaka",4,5,1,3
"Road No 8, Block A, Section 11, Mirpur, Dhaka",26,27,14,13
"Road No 9, Block A, Section 11, Mirpur, Dhaka",26,27,14,13
"Rokonpur, Kolta Bazar, Sutrapur, Dhaka",50,50,9,45
"Rupali Housing, Section 3, Mirpur, Dhaka",26,27,3,13
"Rupnagar R/A, Mirpur, Dhaka",26,27,3,13
"Saat Rawza, Bangshal, Dhaka",50,50,9,50
"Sabujbag, Savar, Dhaka",5,45,16,6
"Sabujbag, South Bashabo, Bashabo, Dhaka",24,17,6,11
"Sadarghat, Kotwali, Dhaka",30,21,3,9
"Sanarpar, Dogair, Demra, Dhaka",4,7,0,1
"Sankar, Hazaribag, Dhaka",38,42,8,40
"Sarulia, Demra, Dhaka",0,0,0,2
"Satarkul, Uttar Badda, Badda, Dhaka",50,50,38,16
"Savar, Dhaka",5,45,18,7
"Sayedabad, Jatra Bari, Dhaka",24,41,2,5
"Sayednagar, East Vatara, Vatara, Badda, Dhaka",14,21,8,13
"Sayem Sobhan Anvir Road, Block C, Bashundhara R-A, Dhaka",15,31,4,17
"Section 1, Mirpur, Dhaka",26,27,3,13
"Section 10, Mirpur, Dhaka",50,50,15,19
"Section 11, Mirpur, Dhaka",50,50,14,19
"Section 12, Mirpur, Dhaka",50,50,12,19
"Section 13, Mirpur, Dhaka",50,50,15,19
"Section 2, Mirpur, Dhaka",26,27,11,13
"Section 3, Mirpur, Dhaka",26,27,12,13
"Section 6, Mirpur, Dhaka",26,27,11,13
"Section 7, Mirpur, Dhaka",26,27,10,13
"Sector 1, Block D, Aftab Nagar, Dhaka",4,12,3,5
"Sector 1, Block E, Aftab Nagar, Dhaka",4,14,2,5
"Sector 1, Block F, Aftab Nagar, Dhaka",4,12,2,5
"Sector 1, Block G, Aftab Nagar, Dhaka",4,5,2,5
"Sector 1, Block K, Aftab Nagar, Dhaka",4,5,2,5
"Sector 1, Uttara, Dhaka",16,20,0,18
"Sector 10, Uttara, Dhaka",16,27,3,10
"Sector 11, Uttara, Dhaka",16,27,3,10
"Sector 12, Uttara, Dhaka",16,27,3,10
"Sector 13, Uttara, Dhaka",16,27,3,10
"Sector 14, Uttara, Dhaka",16,27,3,10
"Sector 15, Uttara, Dhaka",16,27,3,10
"Sector 2, Block D, Aftab Nagar, Dhaka",4,12,3,5
"Sector 2, Block E, Aftab Nagar, Dhaka",4,10,2,5
"Sector 2, Block F, Aftab Nagar, Dhaka",4,6,2,5
"Sector 2, Block H, Aftab Nagar, Dhaka",4,5,2,5
"Sector 3, Uttara, Dhaka",18,33,3,12
"Sector 4, Uttara, Dhaka",22,33,3,12
"Sector 5, Uttara, Dhaka",18,33,4,12
"Sector 6, Uttara, Dhaka",22,33,3,12
"Sector 7, Uttara, Dhaka",22,33,4,12
"Sector 9, Uttara, Dhaka",16,27,3,10
"Senpara Parbata, Dhaka",50,50,15,19
"Senpara Parbata, Section 10, Mirpur, Dhaka",50,50,15,19
"Sepahibag, North Goran, Khilgaon,  Dhaka-1219, Goran, Khilgaon, Dhaka",31,39,8,13
"Shadhinata Sharani, Uttar Badda, Badda, Dhaka",50,50,50,16
"Shah Ali Bag, Section 1, Mirpur, Dhaka",24,27,3,13
"Shahbagh, Dhaka",20,30,16,30
"Shahibag, Savar, Dhaka",5,45,17,4
"Shahid Nagar, Lalbagh, Dhaka",50,41,3,38
"Shahid Nagar, West Jurain, Jurain, Shyampur, Dhaka",6,7,1,4
"Shahidbag, Malibagh, Dhaka",57,62,16,30
"Shahjadpur, Badda, Dhaka",12,13,6,5
"Shahjahanpur, Dhaka",32,40,12,20
"Shaikh Saheb Bazar Road, Azimpur, Lalbagh, Dhaka",50,41,1,38
"Shamibag Road, Shamibag, Sutrapur, Dhaka",50,50,9,45
"Shamibag, Sutrapur, Dhaka",50,50,9,45
"Shantibag, Malibagh, Dhaka",57,62,16,30
"Shantibag, Matuail, Demra, Dhaka",4,7,0,1
"Shantinagar, Dhaka",20,25,10,22
"Shantipur, South Goran, Goran, Khilgaon, Dhaka",27,32,8,12
"Shardar Bari, Dakshin Khan, Dhaka",27,42,2,7
"Shegunbagicha, Dhaka",25,25,10,24
"Sheikhdi, Jatra Bari, Dhaka",50,50,4,32
"Shemolbag, Uttar Khan, Dhaka",23,5,2,4
"Sher-E-Bangla Avenue, Dolipara, Uttara, Dhaka",18,47,1,16
"Shiddheswari, Dhaka",22,30,16,22
"Shimulbag, West Rampura, Rampura, Dhaka",26,50,8,18
"Shimultola, Jamgora, Ashulia, Savar, Dhaka",2,2,0,1
"Shonalibagh, Boro Maghbazar, Maghbazar, Dhaka",50,50,19,50
"Shukrabad, Dhanmondi, Dhaka",20,30,12,34
"Shuritola, Bangshal, Dhaka",44,50,6,50
"Shyamoli Housing (2nd Project), Adabor, Dhaka",32,38,30,12
"Shyamoli Housing, Shekhertek, Mohammadpur, Dhaka",50,29,50,11
"Shyamoli, Dhaka",32,38,30,12
"Shyampur, Dhaka",24,47,3,6
"Sikder Real Estate, Tali office Road, Hazaribag, Dhaka",38,42,8,40
"Sipahibag Bazar, Khilgaon, Dhaka",27,32,8,12
"Sipahibagh, North Goran, Goran, Khilgaon, Dhaka",27,32,8,12
"Sobhanbag, Savar, Dhaka",5,45,17,7
"Sobhanbagh, Tejgaon, Dhaka",16,44,12,15
"Solmaid, Badda, Dhaka",12,13,6,5
"Sonatangar, Jigatola, Hazaribag, Dhaka",38,42,8,40
"Sontek, Donia, Jatra Bari, Dhaka",24,41,2,15
"South Azampur, Dakshin Khan, Dhaka",27,42,2,7
"South Badda, Badda, Dhaka",12,13,6,5
"South Banasree Project, Banasree, Dhaka",4,5,1,3
"South Baridhara Residential Area,D. I. T. Project, Badda, Dhaka",12,13,6,5
"South Bashabo, Bashabo, Dhaka",24,17,6,11
"South Bishil, Section 1, Mirpur, Dhaka",26,27,3,13
"South Chalabon, Dakshin Khan, Dhaka",27,42,2,7
"South Dariapur, Vagolpur, Savar, Dhaka",0,0,0,0
"South Donia, Donia, Jatra Bari, Dhaka",50,50,5,39
"South Doniya, Doniya, Shyampur, Dhaka",24,47,2,6
"South Goran, Goran, Khilgaon, Dhaka",27,32,8,12
"South Goran, Goran, Khilgaon, Goran, Khilgaon, Dhaka",27,32,8,12
"South Goran, Khilgaon, Dhaka",27,32,8,12
"South Jatra Bari, Jatra Bari, Dhaka",24,41,2,5
"South Kallyanpur, Kallyanpur, Mirpur, Dhaka",44,18,50,22
"South Kutubkhali, Kutubkhali, Jatra Bari, Dhaka",24,41,2,5
"South Madartek, Madartek, Bashabo, Dhaka",24,17,6,11
"South Manda, Manda, Mugdapara, Dhaka",20,14,5,20
"South Manikdi, Manikdi, Cantonment, Dhaka",25,37,2,20
"South Maniknagar, Maniknagar, Dhaka",6,6,2,11
"South Matuail, Matuail, Demra, Dhaka",4,7,0,1
"South Mollartek, Dakshin Khan, Dhaka",27,42,2,7
"South Monipur, Mirpur, Dhaka",16,44,12,15
"South Mugdapara, Mugdapara, Dhaka",20,14,5,20
"South Pirerbag, Pirerbag, Mirpur, Dhaka",21,40,1,16
"South Pirerbag, Pirerbag, Section 1, Mirpur, Dhaka",26,27,3,13
"South Sheikhdi, Sheikhdi, Jatra Bari, Dhaka",50,50,4,32
"South Vhadail, Vhadail, Ashulia, Savar, Dhaka",2,2,0,1
"Sritidara R/A, East Doniya, Doniya, Shyampur, Dhaka",24,47,2,6
"Suchona Model Town, Bochila, Mohammadpur, Dhaka",20,0,0,9
"Sugandha Housing, Alom Nogor, Hemayetpur, Savar, Dhaka",5,6,1,1
"Sujat Nagar, Pallabi, Mirpur, Dhaka",50,26,6,13
"Sultanganj, Rayer Bazaar, Hazaribag, Dhaka",38,42,8,40
"Sunibir Housing Society, Adabor, Dhaka",32,38,30,12
"Sutrapur, Dhaka",50,50,9,45
"Swapnodhara Housing, Bochila, Mohammadpur, Dhaka",20,0,0,9
"Tajmahal Road, Mohammadpur, Dhaka",50,29,50,11
"Talbag, Savar, Dhaka",5,45,17,0
"Talertek, Khilkhet, Dhaka",4,9,0,7
"Tali office Road, Hazaribag, Dhaka",38,42,8,40
"Tallabag, Hazaribag, Dhaka",38,42,8,40
"Taltola, Agargaon, Dhaka",26,18,22,16
"Taltola, Dakshin Khan, Dhaka",26,18,22,16
"Taltola, Dhaka",26,18,22,16
"Taltola, Khilgaon, Dhaka",26,18,22,16
"Tan Para, Nikunja 2, Nikunja, Dhaka",3,8,0,6
"Tati Bazaar, Kotwali, Dhaka",30,21,3,9
"Tejgaon Industrial Area, Tejgaon, Dhaka",20,48,12,15
"Tejgaon, Dhaka",18,42,13,16
"Tejkunipara, Tejgaon, Dhaka",19,47,12,15
"Tejturi Bazar, Tejgaon, Dhaka",16,44,12,15
"Tekpara, Badda, Dhaka",12,38,33,4
"Tengra, Sarulia, Demra, Dhaka",0,0,0,2
"TIC Colony, Faydabad, Dakshin Khan, Dhaka",6,14,3,5
"Tikatuli, Sutrapur, Dhaka",50,50,9,45
"Tilpapara Road, Tilpapara, Khilgaon, Dhaka",27,32,8,12
"Tilpapara, Khilgaon, Dhaka",27,32,8,12
"Tolarbag, Section 1, Mirpur, Dhaka",26,27,3,13
"Transmitter, Faydabad, Dakshin Khan, Dhaka",6,14,3,5
"Turag City, Section 1, Mirpur, Dhaka",26,27,3,13
"Turag Housing, Mohammadpur, Dhaka",50,29,33,11
"Turag, Dhaka",50,29,38,11
"Ullan, Rampura, Dhaka",36,50,8,28
"Ullan, West Rampura, Rampura, Dhaka",26,50,8,18
"Uttar Badda, Badda, Dhaka",50,50,50,16
"Uttar Khan, Dhaka",23,5,2,4
"Uttar Namapara, Namapara, Khilkhet, Dhaka",1,6,0,4
"Uttar Para, Khilkhet, Dhaka",2,7,0,4
"Uttar Para, Savar, Dhaka",5,38,14,6
"Uttara, Dhaka",19,47,1,7
"Vagolpur, Savar, Dhaka",5,42,17,5
"Vangapress, Sheikhdi, Jatra Bari, Dhaka",50,50,4,32
"Vashantek, Cantonment, Dhaka",20,37,2,20
"Vatara, Badda, Dhaka",50,50,5,19
"Vhatara Road, Natun Bazar, Badda, Dhaka",17,50,11,6
"Ward 23, Chowdhuripara, Khilgaon, Dhaka",40,55,10,45
"Ward 6, West Nurer Chala, Nurer Chala, Badda, Dhaka",12,13,6,5
"Ward 9, East Khilbari Tek, Khilbari Tek, Badda, Dhaka",17,28,16,9
"Ward 98, Rampura, Dhaka",36,50,8,28
"Wari, Sutrapur, Dhaka",50,50,9,45
"Wasa Lane, Jurain, Shyampur, Dhaka",6,7,1,4
"West Agargaon, Agargaon, Dhaka",28,18,33,35
"West Bank Town, Bank Town, Savar, Dhaka",1,11,3,1
"West Dhanmondi and Shangkar, Dhanmondi, Dhaka",20,0,0,9
"West Dhanmondi, Dhanmondi, Dhaka",20,0,0,9
"West Dogair, Konapara, Demra, Dhaka",2,1,1,2
"West Dolairpar, Shyampur, Dhaka",24,47,3,6
"West Jatrabari, Jatra Bari, Dhaka",50,50,5,39
"West Kafrul, Taltola, Agargaon, Dhaka",26,18,22,16
"West Kafrul, Taltola, Dhaka",26,18,22,16
"West Kalachandpur, Kalachandpur, Dhaka",16,36,2,16
"West Katashur, Katashur, Mohammadpur, Dhaka",50,50,25,33
"West Kazipara, Mirpur, Dhaka",47,50,6,18
"West Malibag, Malibagh, Dhaka",57,62,16,30
"West Maniknagar, Maniknagar, Dhaka",18,27,2,38
"West Meradia, Meradia, Khilgaon, Dhaka",25,30,8,9
"West Mollartek, Dakshin Khan, Dhaka",24,40,2,9
"West Monipur, Mirpur, Dhaka",32,48,5,18
"West Nakhalpara, Tejgaon, Dhaka",16,37,1,26
"West Nandipara, Khilgaon, Dhaka",7,2,1,0
"West Nurer Chala, Nurer Chala, Badda, Dhaka",12,13,6,5
"West Para, Bamoil, Sarulia, Demra, Dhaka",0,0,0,2
"West Pirerbag, Pirerbag, Mirpur, Dhaka",21,40,1,16
"West Rajashon, Rajashon, Savar, Dhaka",5,45,17,0
"West Rampura, Rampura, Dhaka",26,50,8,18
"West Sheikhdi, Sheikhdi, Jatra Bari, Dhaka",50,50,4,32
"West Shewrapara, Mirpur, Dhaka",29,19,3,14
"West Vatara, Vatara, Badda, Dhaka",50,50,5,19
"Zafrabad, Dhaka",38,42,8,40
"Zafrabad, Hazaribag, Dhaka",38,42,8,40
"Zirabo, Ashulia, Savar, Dhaka",2,2,0,1